ITERATION, OBJECTIVE-1, OBJ_FUNC_DRESP:D-RESPONSE-2, OBJ_FUNC_TERM:D-RESPONSE-2, OPT-CONSTRAINT-1:LE:D-RESPONSE-1
Norm-Values:, 1.8643537e+4, 1.8643537e+4, 1.8643537e+4, 2.0000000e-1
0, 1.8643537e+4, 1.8643537e+4, 1.8643537e+4, 1.9999997e-1
1, 5.5386231e+10, 5.5386231e+10, 5.5386231e+10, 6.7648336e-2
